품목명,기초재고,현재재고,기준일자,안전재고,단위
Z세라믹 절단석 @ 5인치,34939,34939,2025-12-20,100,개
Z세라믹 절단석 @ 4인치,29300,29300,2025-12-20,100,개
TURBO Premium 절단석 @ 5인치,24220,24220,2025-12-20,100,개
터보 프리미엄절단석 @5인치,23950,23950,2025-12-20,100,개
터보Primium소프트절단석@5인치,23850,23850,2025-12-20,100,개
터보 Premium 절단석 @ 5인치,22600,22600,2025-12-20,100,개
"아카시 절단석 프리미엄 @ 5""*16MM",18803,18803,2025-12-20,100,개
OPP무지,16000,16000,2025-12-20,100,개
"아카시 절단석 프리미엄 @ 4""*16MM",15800,15800,2025-12-20,100,개
TURBO Premium 절단석 @ 4인치,14970,14970,2025-12-20,100,개
"벨로체절단석 @ 5""",12825,12825,2025-12-20,100,개
터보 Premium 절단석 @ 4인치,9350,9350,2025-12-20,100,개
3MRO 덴탈 블랙마스크,8700,8700,2025-12-20,100,개
"다이센 소프트타입 @ 4""",5850,5850,2025-12-20,100,개
에이스 KF94마스크,5000,5000,2025-12-20,100,개
"알파연마디스크샌더빼빠@5""-8H#220",3600,3600,2025-12-20,100,개
"알파연마디스크샌더빼빠@5""-8H#80",3600,3600,2025-12-20,100,개
"알파연마디스크샌더빼빠@5""-8H#180",3600,3600,2025-12-20,100,개
"악티록스 디스크 AF799 #60 4""*16MM",3000,3000,2025-12-20,100,개
벨로체 연마석 @ 4인치*6t,2855,2855,2025-12-20,100,개
"3M 절단석 65147(큐) @ 4""*1.0t*16mm",1900,1900,2025-12-20,100,개
"악티록스 백업패드 @ 4""",1896,1896,2025-12-20,100,개
"TU-FLEX 옵셋 #80 @ 4""*2T*16MM",1839,1839,2025-12-20,100,개
다존 블랙 KF94 마스크,1650,1650,2025-12-20,100,개
위머스트 KF94마스크,1400,1400,2025-12-20,100,개
스포르팅 절단석 @ 5인치 * 16MM,1300,1300,2025-12-20,100,개
"티롤릿 옵셋 #80 @ 4""*2.7T",1291,1291,2025-12-20,100,개
"알파연마디스크샌더빼빠 @ 4""-#60",1200,1200,2025-12-20,100,개
"레즈본 R&B절단석 @ 5""",1200,1200,2025-12-20,100,개
"알파연마디스크샌더빼빠@5""-8H#120",1200,1200,2025-12-20,100,개
"레즈본 절단석 R&B 블랙 @ 5""",1200,1200,2025-12-20,100,개
"렉스톨킹 절단석 @ 4""*16MM",1170,1170,2025-12-20,100,개
"3M 절단석 47420(큐3) @ 5""*1.0t*15.88mm",1150,1150,2025-12-20,100,개
노튼 블루파이어절단석 @ 4인치*1.2T*16,1075,1075,2025-12-20,100,개
"뉴 레즈본2 절단석 @ 5""",1070,1070,2025-12-20,100,개
"티롤릿 옵셋 #60 @ 4""*2.7T",1064,1064,2025-12-20,100,개
"TU-FLEX 옵셋 #36 @ 4""*3T*16MM",1009,1009,2025-12-20,100,개
"노튼 블루파이어 절단석 @ 4""*1.2t",1000,1000,2025-12-20,100,개
"홈툴즈 절단석 @ 4""",1000,1000,2025-12-20,100,개
휘 KF94 황사방역마스크,1000,1000,2025-12-20,100,개
"페어드절단석(SG-E)@ 4"" *0.8T",1000,1000,2025-12-20,100,개
"M3 2 절단석 @ 4""",990,990,2025-12-20,100,개
"악티록스 백업패드 @ 5""",979,979,2025-12-20,100,개
Jway KF94마스크,850,850,2025-12-20,100,개
"M3 2 절단석 @ 5""",830,830,2025-12-20,100,개
"클링스포 절단석 @ 4""",817,817,2025-12-20,100,개
"제일 연마석 흑돌 @ 4""*3T",800,800,2025-12-20,100,개
"TU-FLEX 옵셋 #60 @ 4""*3T*16MM",800,800,2025-12-20,100,개
"페가텍 절단석 @ 4""",800,800,2025-12-20,100,개
퓨어라이프 새부리블랙 KF94,800,800,2025-12-20,100,개
3M 귀마개 1100,800,800,2025-12-20,100,개
"뉴 레즈본2 절단석 @ 4""",750,750,2025-12-20,100,개
SAM 14인치 절단석 @ 355*3.0*25.4,685,685,2025-12-20,100,개
제이투메카 KF94마스크,650,650,2025-12-20,100,개
애니가드 마스크(2급)*VC202V 밸브유,600,600,2025-12-20,100,개
"본드플렉스 절단석 @ 5""",600,600,2025-12-20,100,개
볼케이노 절단석@소프트타입 5인치,600,600,2025-12-20,100,개
"3M 절단석 01994(new) @ 4""",600,600,2025-12-20,100,개
"티롤릿 절단석 레드 @ 4""",600,600,2025-12-20,100,개
오아시스절단석 @ 4인치,600,600,2025-12-20,100,개
"레즈본 절단석 R&B 블랙 @ 4""",600,600,2025-12-20,100,개
"피닉스 절단석 @ 4""",600,600,2025-12-20,100,개
"대광연마 @ 5""",600,600,2025-12-20,100,개
디펜코 블랙 덴탈마스크,600,600,2025-12-20,100,개
"악티록스 디스크 AF799 #60 4""*16MM50장곽",600,600,2025-12-20,100,개
"레즈본 절단석 @ 4""",600,600,2025-12-20,100,개
오아시스절단석 @ 5인치,600,600,2025-12-20,100,개
"절단석 L MFC @ 4""*16MM",600,600,2025-12-20,100,개
"3D 절단석 @ 4""*16MM",600,600,2025-12-20,100,개
"페어드 절단석 @ 4""*0.8t",561,561,2025-12-20,100,개
"베스트 절단석 @ 4""",550,550,2025-12-20,100,개
"티롤릿 절단석 (new)블루 @ 4""",550,550,2025-12-20,100,개
장갑 렉스톨 @ M,550,550,2025-12-20,100,개
3M 컬러그립 그린 M,500,500,2025-12-20,100,개
뉴엠 KF94마스크,500,500,2025-12-20,100,개
3M 컬러그립 그린 @ L,500,500,2025-12-20,100,개
"악티록스디스크(만조+패드)@4""*#36",498,498,2025-12-20,100,개
3M 장갑 칼라그립 오렌지M,480,480,2025-12-20,100,개
"TU 절단석 S 105501 @ 5""*16MM",450,450,2025-12-20,100,개
퓨에어 KF94마스크,450,450,2025-12-20,100,개
GMG 장갑 에어그립 KR-L2001A @ L,450,450,2025-12-20,100,개
GMG 장갑 에어그립 KR-L2001A @ M,429,429,2025-12-20,100,개
3M 장갑 칼라그립 오렌지L,420,420,2025-12-20,100,개
장갑 렉스톨 @ L,412,412,2025-12-20,100,개
"베스트 절단석 @ 5""",400,400,2025-12-20,100,개
"자르고 절단석 @ 4""*16MM",400,400,2025-12-20,100,개
"제일 절단석 WA @ 4""*1.8T",400,400,2025-12-20,100,개
"제일 연마석 WA O/S @ 4""*6T",400,400,2025-12-20,100,개
"에이스 절단석 @ 16""",400,400,2025-12-20,100,개
"3D골드 절단석 @ 5""*16MM",400,400,2025-12-20,100,개
"MD 절단석 @ 4""*16MM",400,400,2025-12-20,100,개
"TU-PLUS 102501 @ 5""*16MM",400,400,2025-12-20,100,개
"페어드 절단석 @ 4""",397,397,2025-12-20,100,개
"악티록스디스크(만조+패드)@4""*#60",396,396,2025-12-20,100,개
"자르고 절단석 @ 7""",390,390,2025-12-20,100,개
애니가드마스크@KF-AD(비말차단마스크),380,380,2025-12-20,100,개
"제일 절단석 PS-GOLD@4""*1.2mm*15.8mm",350,350,2025-12-20,100,개
3M 장갑 컴포트그립 슈퍼폼 @ L,300,300,2025-12-20,100,개
"다이센 절단석 하드타입 @ 4""",280,280,2025-12-20,100,개
"티롤릿 절단석 @ 7""",252,252,2025-12-20,100,개
"제일 절단석 흑돌 @ 14""",250,250,2025-12-20,100,개
"스틸포스 절단석 @ 5""",250,250,2025-12-20,100,개
"페어드 옵셑 4""*3T#36(250장)",250,250,2025-12-20,100,개
"티롤릿 절단석 레드 @ 5""",250,250,2025-12-20,100,개
"티롤릿 절단석 블루 @ 5""",250,250,2025-12-20,100,개
"베스트 절단석 @ 14""",245,245,2025-12-20,100,개
"티롤릿 옵셋 #36 @ 4""*2.7T",242,242,2025-12-20,100,개
3M 마스크 방진1급 @ 8922,240,240,2025-12-20,100,개
3M 마스크 방진2급 @ 8710L,240,240,2025-12-20,100,개
마술만조 KB412(계량/보쉬/3M/스틸포스),235,235,2025-12-20,100,개
"자르고 절단석 @ 5""*16MM",200,200,2025-12-20,100,개
"노존플러스절단석 @ 5""",200,200,2025-12-20,100,개
3M 전기테이프 #1711,200,200,2025-12-20,100,개
"TU-FLEX 옵셋 #24 @ 4""*6T*16MM",200,200,2025-12-20,100,개
"제일 연마석 흑돌 @ 4""*6T",200,200,2025-12-20,100,개
"M3 절단석 @ 7""",200,200,2025-12-20,100,개
"체스코 절단석 @ 4""",200,200,2025-12-20,100,개
3M 귀마개 1110,200,200,2025-12-20,100,개
페어드 연마석 @ 4인치*6T,200,200,2025-12-20,100,개
"스틸포스 다이아 멀티날 @ 4""(TH-DW105)",200,200,2025-12-20,100,개
3M 장갑 컴포트그립 @ L,200,200,2025-12-20,100,개
"레즈본 연마석 #80 @ 4""*3T",200,200,2025-12-20,100,개
래피젠 코로나 자가진단키트,200,200,2025-12-20,100,개
유한킴벌리 마스크 1급 @ M20,200,200,2025-12-20,100,개
숨쉬GO KF94 마스크 @ 대,200,200,2025-12-20,100,개
"3M 절단석 65139(큐) @ 5""",200,200,2025-12-20,100,개
"티롤릿 마른날 콘크리트용 @4""",193,193,2025-12-20,100,개
"3M 푸른돌 #60 @ 4""*2T",180,180,2025-12-20,100,개
GMG 장갑 웜그립L2005W @ L,179,179,2025-12-20,100,개
유한킴벌리 마스크 2급 @ M10(접이식),161,161,2025-12-20,100,개
GMG 장갑 엔지니어그립 N2002 @ S,160,160,2025-12-20,100,개
"페어드 옵셑 4""*6T(160장)",160,160,2025-12-20,100,개
"티롤릿 터보날 타일용 @ 5""",151,151,2025-12-20,100,개
"3M 푸른돌 #24 @ 4""*6T",150,150,2025-12-20,100,개
"3M 절단석 04116 @ 4""",150,150,2025-12-20,100,개
"티롤릿 절단석 실버 @ 5""",150,150,2025-12-20,100,개
3M 장갑 수퍼그립200 @ L,146,146,2025-12-20,100,개
"TU-FLEX 옵셋 #60 @ 4""*2T*16MM",143,143,2025-12-20,100,개
"티롤릿 플랩휠디스크 #40 @ 4""",140,140,2025-12-20,100,개
"티롤릿 플랩휠디스크 #120 @ 4""",140,140,2025-12-20,100,개
"티롤릿 플랩휠디스크 #80 @ 4""",140,140,2025-12-20,100,개
"티롤릿 플랩휠디스크 #60 @ 4""",140,140,2025-12-20,100,개
"아카시 절단석 칸 @ 4""*16MM",130,130,2025-12-20,100,개
GMG 장갑 엔지니어그립 N2002 @ L,130,130,2025-12-20,100,개
GMG 장갑 엔지니어그립 N2002 @ M,130,130,2025-12-20,100,개
GMG 장갑 컴포트그립 L2002 @ S,130,130,2025-12-20,100,개
GMG 장갑 에어그립 KR-L2001A @ S,128,128,2025-12-20,100,개
GMG 장갑 컴포트그립 L2002 @ M,127,127,2025-12-20,100,개
[업체등록,121,121,2025-12-20,100,개
[산업용품,121,121,2025-12-20,100,개
"3M 황금돌 #80 @ 4""*2.5T",120,120,2025-12-20,100,개
"티롤릿 터보날 타일용 @ 4""",120,120,2025-12-20,100,개
3M 정화통 6001K,120,120,2025-12-20,100,개
[절단석외,120,120,2025-12-20,100,개
"3M DISC-PAD CUP @ 4""",120,120,2025-12-20,100,개
[등록,119,119,2025-12-20,100,개
[택배비,119,119,2025-12-20,100,개
[택배비-에스건재철물,119,119,2025-12-20,100,개
[조정,119,119,2025-12-20,100,개
[절단석,119,119,2025-12-20,100,개
[택배발송 원내철물->진하정공,119,119,2025-12-20,100,개
[택배비-도개건재,118,118,2025-12-20,100,개
"TU-FLEX 옵셋 #24 @ 7""*6T*22MM",112,112,2025-12-20,100,개
"티롤릿 마른날 콘크리트용 @5""",111,111,2025-12-20,100,개
노튼 익스퍼트 플랩디스크 @ #80,110,110,2025-12-20,100,개
3M 마스크 방진2급 @ 9914K,110,110,2025-12-20,100,개
"3M 절단석 프리미엄 @ 14""",101,101,2025-12-20,100,개
"카이마 파워휠페파 @ 4""#40 4""*16",100,100,2025-12-20,100,개
"티롤릿 절단석 실버 @ 4""",100,100,2025-12-20,100,개
"3M 절단석 72653 @ 4""",100,100,2025-12-20,100,개
마스크 50EA/국산 @ 엑스텐데이즈,100,100,2025-12-20,100,개
"3M DISC 982C #36 @ 4""",100,100,2025-12-20,100,개
3M 방독면필름 6885-100,100,100,2025-12-20,100,개
"보쉬 절단석 x-lock @ 5""*1.0t",100,100,2025-12-20,100,개
"레즈본2 절단석 @ 4""",100,100,2025-12-20,100,개
"카이마 파워휠페파 @ 4""#120 4""*16",100,100,2025-12-20,100,개
도담16호,100,100,2025-12-20,100,개
"페어드CC-GRIND-ROBUST@ 5""",100,100,2025-12-20,100,개
"페어드 절단석 @ 5""(내경22mm)",100,100,2025-12-20,100,개
사랑12호,100,100,2025-12-20,100,개
"스틸포스 다이아 멀티날 @ 5""(TH-DW125)",100,100,2025-12-20,100,개
"3M 옵셋 #36(더블사이드 3T) @ 4""",100,100,2025-12-20,100,개
3M 테이프-OPP(372KS/TRANS)@ 48*40M투명,100,100,2025-12-20,100,개
노튼 블루파이어 플랩디스크 @ #40,100,100,2025-12-20,100,개
"레지본절단석 @ 205(8"")*2.0T*22",100,100,2025-12-20,100,개
유한킴벌리 마스크 2급 @ M10,100,100,2025-12-20,100,개
"에이스 절단석 @ 4""",100,100,2025-12-20,100,개
"에이스 절단석 @ 5""",100,100,2025-12-20,100,개
GMG 장갑 소프트그립L2001 @ S,100,100,2025-12-20,100,개
GMG 장갑 CUT-5절단방지 T2000 @ M,92,92,2025-12-20,100,개
GMG 장갑 CUT-5절단방지 T2000 @ L,90,90,2025-12-20,100,개
"TU 플랩 DISC #40 @ 4""*16MM",90,90,2025-12-20,100,개
"렉스톨킹 절단석 @ 5""*16MM",90,90,2025-12-20,100,개
스틸포스 플라즈마커텅기용 전극,90,90,2025-12-20,100,개
"DNK 플랩(C/Z) #60 @ 4""",90,90,2025-12-20,100,개
용접봉 골든브릿지 @ 4.0∮,80,80,2025-12-20,100,개
"카이마 파워휠페파 @ 4""#80 4""*16",80,80,2025-12-20,100,개
케라퍼퓸 셀렉션33호,80,80,2025-12-20,100,개
스틸포스 플라즈마커팅기용 노즐팁,80,80,2025-12-20,100,개
노튼 블루파이어(생고뱅) @ 14인치,78,78,2025-12-20,100,개
"악티록스디스크(만조+패드)@5""*#36",74,74,2025-12-20,100,개
3M 장갑 컴포트-WT 오리지날1 @ M,70,70,2025-12-20,100,개
"3M 그라인더 커버 ES @ 5""",70,70,2025-12-20,100,개
TOOL-전동(4CG-2),70,70,2025-12-20,100,개
"티롤릿 멀티날 @ 4""",60,60,2025-12-20,100,개
"3M 푸른돌 #80 @ 4""*2T",60,60,2025-12-20,100,개
마술만조 MD414(마키다/디월트),60,60,2025-12-20,100,개
3M 마스크 방진2급 @ 8710G,60,60,2025-12-20,100,개
SOLO 헤드랜턴 센서 @ SL-120S,60,60,2025-12-20,100,개
"다잘라컷팅날 @ 5""",60,60,2025-12-20,100,개
사랑존경 28호,60,60,2025-12-20,100,개
GMG 장갑 워터타이트(완전방수)L2005 @ M,60,60,2025-12-20,100,개
"3M DISC 베벨 BR #180 @ 4""",55,55,2025-12-20,100,개
희망가득 21호,54,54,2025-12-20,100,개
"앙코르 절단석 @ 5""",50,50,2025-12-20,100,개
"3M 옵셋 (리지드 8T) @ 4""",50,50,2025-12-20,100,개
황사마스크KF94 /아이엔티,50,50,2025-12-20,100,개
용접봉 골든브릿지 플럭스 @ 1.2mm,50,50,2025-12-20,100,개
"3M DISC CNS XT(PRO) @ 4""",50,50,2025-12-20,100,개
"레즈본 절단석 @ 14""",50,50,2025-12-20,100,개
"다이센 절단석 하드타입 @ 5""",50,50,2025-12-20,100,개
"3M 절단석 47041(큐3) @ 4""*1.0t*15.88mm",50,50,2025-12-20,100,개
EMK 연마석 @ 5인치,50,50,2025-12-20,100,개
"제일 WA옵셑 7""*8T*22",50,50,2025-12-20,100,개
스틸포스 플라즈마커팅기용 가이드링,50,50,2025-12-20,100,개
3M 장갑 컴포트-WT 오리지날1 @ L,50,50,2025-12-20,100,개
3M 필터 2097K @ 특급,50,50,2025-12-20,100,개
3M 장갑 수퍼그립 핫 @ L,49,49,2025-12-20,100,개
"TU-PLUS 102504 @ 5""*16MM",49,49,2025-12-20,100,개
"TU-WA 옵셋 #24 @ 4""*6T*16MM",49,49,2025-12-20,100,개
3M 쿨토시(PS2000) #SEABLUE,49,49,2025-12-20,100,개
유한 크린가드 43043/A10/회 @ 특대,48,48,2025-12-20,100,개
3M테이프 양면 #5069 @ 50MM*3M,48,48,2025-12-20,100,개
"악티록스디스크(만조+패드)@5""*#60",47,47,2025-12-20,100,개
"다잘라컷팅날 @ 4""",45,45,2025-12-20,100,개
"3M 푸른돌 #36 @ 4""*3T",40,40,2025-12-20,100,개
3M 장갑 컴포트-WT 리얼터치2 @ M,40,40,2025-12-20,100,개
"3M 황금돌 #60 @ 4""*2.5T",40,40,2025-12-20,100,개
설렘31호,40,40,2025-12-20,100,개
TWO COMP 472 줄자 @ 8M*25MM,39,39,2025-12-20,100,개
3M 방독면 6200,38,38,2025-12-20,100,개
3M테이프 양면 #5068 @ 12MM*3M,37,37,2025-12-20,100,개
3M 장갑 컴포트-WT 혹한기4 @ M,35,35,2025-12-20,100,개
"3M DISC 베벨 GR #400 @ 4""",35,35,2025-12-20,100,개
"티롤릿 연마석 @ 7""*6T",34,34,2025-12-20,100,개
"5""안전커버",33,33,2025-12-20,100,개
TWO COMP 472 줄자 @ 10M*30MM,33,33,2025-12-20,100,개
3M 컬러그립 오렌지 L,30,30,2025-12-20,100,개
3M 필터 6006,30,30,2025-12-20,100,개
"3M DISC S/C A-VFN(M10홀더) @ 4""",30,30,2025-12-20,100,개
"3M DISC S/C LGB HD A-CRS @ 4""",30,30,2025-12-20,100,개
"3M DISC S/C LGB SD A-CRS @ 4""",30,30,2025-12-20,100,개
사랑존경 12호,30,30,2025-12-20,100,개
"3M DISC S/C A-CRS(M10홀더) @ 4""",30,30,2025-12-20,100,개
GMG 장갑 에코그립 W2002 @ L,30,30,2025-12-20,100,개
SOLO 헤드랜턴 충전 @ SL-140C(줌),29,29,2025-12-20,100,개
3M 장갑 수퍼그립200 @ S,27,27,2025-12-20,100,개
유한킴벌리 황사 KF94 @ 대형,25,25,2025-12-20,100,개
빠우(코팅),25,25,2025-12-20,100,개
사랑나눔15호,25,25,2025-12-20,100,개
3M MRO 방청유 PL-5 @ 360ML,24,24,2025-12-20,100,개
스타렉슨오토스트랩@25mm*4M,24,24,2025-12-20,100,개
GMG 장갑 웜그립L2005W @ XL,24,24,2025-12-20,100,개
3M MRO 스프레이 #99 @ 455ml,24,24,2025-12-20,100,개
스타렉슨오토스트랩@18mm*2M,24,24,2025-12-20,100,개
3M 보안경 SF301SGAF,21,21,2025-12-20,100,개
3M MRO 크리너(프 MS061Z) @ 420ML,20,20,2025-12-20,100,개
"3M DISC 플랩 769F #60 @ 4""",20,20,2025-12-20,100,개
"티롤릿 절단석 @ 16""",20,20,2025-12-20,100,개
3M 장갑 컴포트그립 슈퍼폼 @ M,20,20,2025-12-20,100,개
3M 장갑 컴포트-WT 리얼터치2 @ L,20,20,2025-12-20,100,개
3M 차량용 유리발수코팅제 @ 390ml,20,20,2025-12-20,100,개
노튼 익스퍼트 플랩디스크 @ #60,20,20,2025-12-20,100,개
3M 보안경 SF402 AF,20,20,2025-12-20,100,개
"이화 콘크리트 컷팅날(마른) @ 4""",20,20,2025-12-20,100,개
3M MRO 기계세정제 @ 420ML,20,20,2025-12-20,100,개
3M MRO 접착제거제 @ 200ML,20,20,2025-12-20,100,개
"이화 콘크리트 컷팅날(마른) @ 5""",20,20,2025-12-20,100,개
"3M DISC 플랩 769F #80 @ 4""",20,20,2025-12-20,100,개
"3M DISC 베벨 RD #320 @ 4""",20,20,2025-12-20,100,개
GMG 장갑 워터타이트(완전방수)L2005 @ L,20,20,2025-12-20,100,개
한국웰드텍 WR 골드용접봉 @3.2파이,20,20,2025-12-20,100,개
"TU 플랩 DISC #60 @ 4""*16MM",20,20,2025-12-20,100,개
3M 그라인더 4CG,16,16,2025-12-20,100,개
티롤릿 파트너 절단석 @ 16인치 * 405*4*23,16,16,2025-12-20,100,개
3M 장갑 컴포트-WT 오리지날1 @ XL,15,15,2025-12-20,100,개
운반비,14,14,2025-12-20,100,개
MKK키레스척DKC-10,13,13,2025-12-20,100,개
3M MRO 레몬세정제 @ 420ML,13,13,2025-12-20,100,개
"티롤릿 멀티날 @ 5""",13,13,2025-12-20,100,개
3M MRO 실리콘 루브리컨트 @ 255G,12,12,2025-12-20,100,개
스틸포스 4인치 속도조절 그라인더(TH-100G,12,12,2025-12-20,100,개
전등 SJ3400 LED 작업등,12,12,2025-12-20,100,개
GMG 장갑 워터타이트(완전방수)L2005 @ S,10,10,2025-12-20,100,개
제일 장갑 NBR POLY @ M,10,10,2025-12-20,100,개
GMG 장갑 소프트그립L2001 @ L,10,10,2025-12-20,100,개
GMG 장갑 소프트그립L2001 @ M,10,10,2025-12-20,100,개
컷쇼날 S-1125VF(금속용),10,10,2025-12-20,100,개
3M 장갑 컴포트-WT 혹한기3 @ M,10,10,2025-12-20,100,개
GMG 장갑 진동방지 L8000 @ M,10,10,2025-12-20,100,개
DAIMON 소켓아답타DWA-12@ BIT→1/2/Dr,10,10,2025-12-20,100,개
레즈본 용접면,10,10,2025-12-20,100,개
GMG 장갑 진동방지 L8000 @ XL,10,10,2025-12-20,100,개
"3M DISC 플랩 769F #40 @ 4""",10,10,2025-12-20,100,개
GMG 장갑 엔지니어그립 N2002 @ XL,10,10,2025-12-20,100,개
GMG 장갑 진동방지 L8000 @ L,10,10,2025-12-20,100,개
"TU 절단석 AZ 105703 @ 7""*1.8T*22MM",10,10,2025-12-20,100,개
MKK키레스척DKC-13,10,10,2025-12-20,100,개
GMG 장갑 워터타이트(완전방수)L2005 @ XL,10,10,2025-12-20,100,개
DAIWA 손타카 DT-3[H13(13mm)],10,10,2025-12-20,100,개
3M 창문필터,10,10,2025-12-20,100,개
"다잘라컷팅날 @ 22""",9,9,2025-12-20,100,개
"3M DISC 양모 @ 4""",9,9,2025-12-20,100,개
GMG 장갑 컴포트그립 L2002 @ L,7,7,2025-12-20,100,개
"티롤릿 연마석 @ 4""*6T",6,6,2025-12-20,100,개
"이화 물날(터보날)TB1 @ 5""",5,5,2025-12-20,100,개
컷쇼날 S-1122BF(금속용),5,5,2025-12-20,100,개
블랙블 양모디스크@ 4인치 PW100,5,5,2025-12-20,100,개
아임삭 충천임팩렌치(브러쉬리스) BL18X705,5,5,2025-12-20,100,개
컷쇼날 S-1120CF(금속용),5,5,2025-12-20,100,개
이화 타일날TB1@5*1.6T*15mm,5,5,2025-12-20,100,개
MKK키레스척DKC-13[13mm(원터치/비트용,5,5,2025-12-20,100,개
세양 초경홀쏘T-TYPE @ 48mm,5,5,2025-12-20,100,개
"ARM볼트커터 HA-450@18""*450MM",5,5,2025-12-20,100,개
"이화 콘크리트 컷팅날(마른) @ 8""",5,5,2025-12-20,100,개
보쉬 SDS드릴 7X @22*200*250(+),5,5,2025-12-20,100,개
"이화 콘크리트 컷팅날 @ 14""",5,5,2025-12-20,100,개
계양 그라인더 @ ACT-100SN,5,5,2025-12-20,100,개
3M 테이프 기밀 #4411D(GRAY @ 48MM*4M,5,5,2025-12-20,100,개
계양 충전디스크그라인더 DG18BL-100S,4,4,2025-12-20,100,개
골프장갑,4,4,2025-12-20,100,개
3M 양면테이프 #4421(M)@ 1200MM*10M,4,4,2025-12-20,100,개
엣지 컵[7 멀티],4,4,2025-12-20,100,개
"켈코 절단석 @ 14""",4,4,2025-12-20,100,개
슈퍼 라쳇렌치 RN-1924@19*24mm,4,4,2025-12-20,100,개
"삼원 팁쇼 목공용/TRP(ST) @ 14""*3*25.4*T",3,3,2025-12-20,100,개
"이화 콘크리트 컷팅날 @ 18""",3,3,2025-12-20,100,개
계양 그라인더 @ ACT-100SN II,3,3,2025-12-20,100,개
"3M DISC 패드 982C @ 4""",3,3,2025-12-20,100,개
3M 쿨토시(PS2000) #라이트그레이,3,3,2025-12-20,100,개
제일 탁상요 연마석 GC80MV 205*25*25.4,3,3,2025-12-20,100,개
스틸포스 플라즈마커팅기용 오리피스,3,3,2025-12-20,100,개
작업봉ZIBEN-1957,3,3,2025-12-20,100,개
용접기 XCORT @ MMA-200S,3,3,2025-12-20,100,개
3M테이프 양면 #4421 @ 1200MM*10M,3,3,2025-12-20,100,개
엣지 컵[4 멀티(NEW)],3,3,2025-12-20,100,개
회전하는 모기채 SIK002 @ 건전지타입,3,3,2025-12-20,100,개
"이화 콘크리트 컷팅날(마른) @ 10""*2.7",3,3,2025-12-20,100,개
디월트 충전기,2,2,2025-12-20,100,개
다몬 건식코아 비트 @ ∮75,2,2,2025-12-20,100,개
운임비,2,2,2025-12-20,100,개
"TU 절단석 AZ 6503 @ 5""*1.3T",2,2,2025-12-20,100,개
크라우드 폼건(오토락)KR-A2,2,2,2025-12-20,100,개
크라우드 폼건(오토락)KR-A1,2,2,2025-12-20,100,개
다몬 건식코아 헤드 @ ∮75,2,2,2025-12-20,100,개
보쉬 SDS드릴 7X @17*250*315(+),2,2,2025-12-20,100,개
"3M 푸른돌 #36(HP 66554 6T) @ 4""",2,2,2025-12-20,100,개
GMG 장갑 CUT-5절단방지 T2000 @ XL,2,2,2025-12-20,100,개
엣지 컵[7 아스트라(7T)],2,2,2025-12-20,100,개
"이화 타일 컷팅날 @ 8""",2,2,2025-12-20,100,개
다몬 건식코아 튜브 @ ∮75,2,2,2025-12-20,100,개
GMG 장갑 손등방지 TX5000 @ L,2,2,2025-12-20,100,개
랩(공업용)500*20,2,2,2025-12-20,100,개
스틸 파트너 절단석 @ 16인치,2,2,2025-12-20,100,개
"이화 타일 컷팅날 @ 7""",2,2,2025-12-20,100,개
"마키다 충전디스크그라인더 DGA402RTE[4""/V",2,2,2025-12-20,100,개
윤활방청제 W-100 360ML,2,2,2025-12-20,100,개
GMG 장갑 손등방지 TX5000 @ M,2,2,2025-12-20,100,개
GMG 장갑 손등방지 TX5000 @ XL,2,2,2025-12-20,100,개
파워라인줄자(코메론) @ 5.5m*27mm,2,2,2025-12-20,100,개
MKK키레스척DKC-10[10mm(원터치/비트용),2,2,2025-12-20,100,개
"생고뱅 절단석 노존플러스 @ 4""*1.2T",2,2,2025-12-20,100,개
TWO COMP 472 줄자 @ 5M*19MM,2,2,2025-12-20,100,개
"생고뱅 절단석 노존플러스 @ 5""*1.2T",2,2,2025-12-20,100,개
디월트 거리측정기 @ DW065E(20M),2,2,2025-12-20,100,개
북성공업 예초기 @ BC40F3,2,2,2025-12-20,100,개
"이화 콘크리트 컷팅날(마른) @ 9""*2.7",2,2,2025-12-20,100,개
밀워키임팩(M18-FIDS2-502X)젠3,2,2,2025-12-20,100,개
"스틸포스 금속용톱날 @10"" (TH-SC255SB)",2,2,2025-12-20,100,개
슈퍼 라쳇렌치RN-2430@24*30MM,2,2,2025-12-20,100,개
계양 함마드릴 PHD-38[38mm) @오일방식,2,2,2025-12-20,100,개
보쉬 충전임팩드라이버+렌치GDX18V-200C@1H,2,2,2025-12-20,100,개
"고속절단기 지파 JF92551(목공용) @ 10""",1,1,2025-12-20,100,개
"초경 판넬용 @ 7""*25*30*2.2",1,1,2025-12-20,100,개
거래명세서 인쇄용지,1,1,2025-12-20,100,개
3M 보안경 SF301AF,1,1,2025-12-20,100,개
스틸포스 4인치 세이버 그라인더(TH-100SG),1,1,2025-12-20,100,개
밀워키 충전기 M12-18FC(급속충전기),1,1,2025-12-20,100,개
밀워키 배터리 M18-B5 -5AM,1,1,2025-12-20,100,개
밀워키 M18 BBL-0 블로어,1,1,2025-12-20,100,개
밀워키 송풍기(M18-BBL-O)배어툴,1,1,2025-12-20,100,개
보쉬 그라인더 @ GWS6-100,1,1,2025-12-20,100,개
스틸포스 금속절단기 @ 14 (TH-SC355),1,1,2025-12-20,100,개
"3M 절단석 65137(큐) @ 4""*9.5mm",1,1,2025-12-20,100,개
인너케이스@몰드,1,1,2025-12-20,100,개
"제일 절단석 PS-GOLD @ 4""",1,1,2025-12-20,100,개
앵글,1,1,2025-12-20,100,개
"스틸포스 금속용톱날 @12"" (TH-SC305SB)",1,1,2025-12-20,100,개
"3M 푸른돌 #24 @ 7""*6T",1,1,2025-12-20,100,개
다몬 건식코아 비트 @ ∮90(88),1,1,2025-12-20,100,개
엣지 컵[4 아스트라-연삭기용(10T)],1,1,2025-12-20,100,개
"DCK 그라인더 KSM05-230/3,000W 2 9""",1,1,2025-12-20,100,개
계양 컷쇼 RS-1300[1300W],1,1,2025-12-20,100,개
개인,1,1,2025-12-20,100,개
스티커1@몰드,1,1,2025-12-20,100,개
스티커2@몰드,1,1,2025-12-20,100,개
아웃케이스@몰드,1,1,2025-12-20,100,개
3M 보안경 40654PLUS,1,1,2025-12-20,100,개
DCK 충전그라인더 @ 20V 4AH,1,1,2025-12-20,100,개
작업복 ZIBEN-2053,1,1,2025-12-20,100,개
아임삭 충전그라인더 @ BL18Q605,1,1,2025-12-20,100,개
디월트 DCF894P2 미드토크 임팩렌치,1,1,2025-12-20,100,개
디월트 DCF801N 충전드릴12V @ 베어툴,1,1,2025-12-20,100,개
산업용선풍기,1,1,2025-12-20,100,개
청소기,1,1,2025-12-20,100,개
앵글 IV2.0,1,1,2025-12-20,100,개
진열장,1,1,2025-12-20,100,개
디월트 햄머드릴 DCD996P2 18V 5AH,1,1,2025-12-20,100,개
말표 용접앞치마,1,1,2025-12-20,100,개
바른마스크 덴탈/개별 @ 30EA,1,1,2025-12-20,100,개
디월트 콤보 SET @ DCK485M3,1,1,2025-12-20,100,개
디월트 로타리 햄머 @ DCH133P2,1,1,2025-12-20,100,개
디월트 충전임팩렌치 @ DCF880M2,1,1,2025-12-20,100,개
다몬 건식코아 헤드 @ ∮90(88),1,1,2025-12-20,100,개
다몬 건식코아 튜브 @ ∮90(88),1,1,2025-12-20,100,개
3M 넥쿨러(PN1000) #블루,1,1,2025-12-20,100,개
3M 쿨토시(PS2000) #화이트,1,1,2025-12-20,100,개
디월트 전동드라이버 @ DCF680G2,1,1,2025-12-20,100,개
디월트 각도절단기 @ DCS727T2,1,1,2025-12-20,100,개
디월트 레벨기 레드 @ DW089K-KR,1,1,2025-12-20,100,개
디월트 비트/티타늄 @ DT50050-KR,1,1,2025-12-20,100,개
장갑 스마트그립200 @ M,1,1,2025-12-20,100,개
3M 정수필터 @ 프리미엄,1,1,2025-12-20,100,개
3M 정수필터 @ 스탠다드,1,1,2025-12-20,100,개
스탠레스 줄자 @ 3M*13MM,1,1,2025-12-20,100,개
인버터용접기 GOLD-200,1,1,2025-12-20,100,개
다몬건식코아(세트) @ ∮90(88),-1,-1,2025-12-20,100,개
미수금,-1,-1,2025-12-20,100,개
오성 무성충전그라인더,-1,-1,2025-12-20,100,개
레벨기 ADL-440 @ 4V4H(전자식)박스,-1,-1,2025-12-20,100,개
악티록스용 만조,-1,-1,2025-12-20,100,개
"계양 디스크 그라인더DG-230FB @ 9""",-1,-1,2025-12-20,100,개
영업일지,-1,-1,2025-12-20,100,개
제우스맨 쿨토시(IM) @ 회색,-1,-1,2025-12-20,100,개
조정료,-1,-1,2025-12-20,100,개
"원형톱 계양 CS-7CA @ 7""",-1,-1,2025-12-20,100,개
아임삭 충전그라인더 @ BL22G806,-1,-1,2025-12-20,100,개
밀워키 M18 CBLPD 충천해머드릴 하드케이스,-1,-1,2025-12-20,100,개
디월트충전드릴 DCF620D2K 18V 2AH,-1,-1,2025-12-20,100,개
제일 탁상용 연마석 GC80MV1 125*13.5*12.5,-1,-1,2025-12-20,100,개
기타,-1,-1,2025-12-20,100,개
"[3M 절단석 01994 @ 4""",-1,-1,2025-12-20,100,개
택배비-진영건축자재백화점,-1,-1,2025-12-20,100,개
"고속절단기 디월트 @ 14""",-1,-1,2025-12-20,100,개
보쉬 충전햄머드릴 @ GSB10.8-2-LI,-1,-1,2025-12-20,100,개
"생고뱅 절단석 블루파이어 @ 14""",-1,-1,2025-12-20,100,개
3M 안전용품,-1,-1,2025-12-20,100,개
디월트 충전 임팩드리이버@베어툴,-1,-1,2025-12-20,100,개
퀵서비스,-1,-1,2025-12-20,100,개
밀워키 송풍기(M18-BBL-O),-1,-1,2025-12-20,100,개
레벨기 ADL-8102 @ 4V4H(전자식),-1,-1,2025-12-20,100,개
디월트 무선 원형샌딩기 @DCW210N,-1,-1,2025-12-20,100,개
밀워키충전그라인더 M18 CAG125XPDB-602X,-1,-1,2025-12-20,100,개
다몬건식코아(세트) @ ∮75,-2,-2,2025-12-20,100,개
"다잘라컷팅날 @ 7""",-2,-2,2025-12-20,100,개
SB 뉴하디수평기 40(1000mm) NHV3-40,-2,-2,2025-12-20,100,개
SB 뉴하디수평기 72(1800mm) NHV4-72,-2,-2,2025-12-20,100,개
SB 뉴하디수평기 48(1200mm) NHV3-48,-2,-2,2025-12-20,100,개
"TU옵셀 7""",-2,-2,2025-12-20,100,개
[장갑등,-2,-2,2025-12-20,100,개
제나 먼지커버 @ 드릴콘 HL-101,-2,-2,2025-12-20,100,개
SB 뉴하디수평기 60(1500mm) NHV4-60,-3,-3,2025-12-20,100,개
디월트 배터리 20V 5.0AH @ DCB205,-3,-3,2025-12-20,100,개
슈퍼 라쳇렌치RN-1924@19*24MM,-4,-4,2025-12-20,100,개
"제일 절단석 PS-GOLD @ 16""",-5,-5,2025-12-20,100,개
"3M FLOOR PAD #7200(흑색) @ 18""",-5,-5,2025-12-20,100,개
"3M FLOOR PAD #5100(적색) @ 18""",-5,-5,2025-12-20,100,개
컷쇼날 S922BF(철재용),-5,-5,2025-12-20,100,개
스틸포스14인치 파이프용톱날,-5,-5,2025-12-20,100,개
컷쇼날 S-1022EHM(특수용/스텐),-5,-5,2025-12-20,100,개
"이화 마른날 M5S @ 7"" *2.4T*22mm",-5,-5,2025-12-20,100,개
DAIMON 키레스척세트(원터치/빗트타입) @~M,-5,-5,2025-12-20,100,개
SB 뉴하디자석수평기 18(450mm) NHMV3-18,-5,-5,2025-12-20,100,개
택배비[영진목공건재,-6,-6,2025-12-20,100,개
디월트 임팩드라이버 @ DCF887P2A,-6,-6,2025-12-20,100,개
3M 필터 캡 501,-6,-6,2025-12-20,100,개
"악티록스디스크@5""*#60",-6,-6,2025-12-20,100,개
레즈본 용접면 카트리지,-7,-7,2025-12-20,100,개
할인,-8,-8,2025-12-20,100,개
택배비[주원금속철물상사,-8,-8,2025-12-20,100,개
"이화 마른날 M4RS @ 8"" *3.1T *22mm",-8,-8,2025-12-20,100,개
택배비[가온렌탈공구,-9,-9,2025-12-20,100,개
"컷쇼날 S9122HF(목재,철재,알루미늄)보쉬",-10,-10,2025-12-20,100,개
생고뱅 보안경 울트라라이트18,-10,-10,2025-12-20,100,개
"이화 마른날 HCG @ 5"" *2.0T*22.23mm",-10,-10,2025-12-20,100,개
"삼양 연마석 @ 7""",-10,-10,2025-12-20,100,개
"컷쇼날 S-1122HF(목재,철재,알루미늄)보쉬",-10,-10,2025-12-20,100,개
택배비[김태환 화물,-10,-10,2025-12-20,100,개
노튼 블루파이어 플랩디스크 @ #60,-10,-10,2025-12-20,100,개
컷쇼날 S-1411DF(목재 철재 겸용),-10,-10,2025-12-20,100,개
"악티록스 디스크 AF799 #60 4""*16",-10,-10,2025-12-20,100,개
"제일 절단석 PS-GOLD @ 14"" ②",-10,-10,2025-12-20,100,개
키레스드릴척 MKK @ DKC-13,-10,-10,2025-12-20,100,개
이화컵휠(S/평컵플러스) @ 4인치,-10,-10,2025-12-20,100,개
계양팁쇼목공용/중국산 @ 185*60*2.5*19,-10,-10,2025-12-20,100,개
계양팁쇼목공용/T형 국산 @185*60*2.8*19,-10,-10,2025-12-20,100,개
"컷쇼날 S-1122VF(목재,철재,알루미늄,유리",-10,-10,2025-12-20,100,개
"이화 콘크리트 마른날(베트남) @ 5""",-10,-10,2025-12-20,100,개
SB 스타프 5m5단 ST-55M,-10,-10,2025-12-20,100,개
"MD 절단석 @ 5""*16MM",-10,-10,2025-12-20,100,개
컷쇼날 S-1122BF(철재용,-10,-10,2025-12-20,100,개
카이마해바라기 @ #80,-10,-10,2025-12-20,100,개
"악티록스디스크@5""*#36",-11,-11,2025-12-20,100,개
스틸포스 4인치 세이버 그라인더TH-100SG,-12,-12,2025-12-20,100,개
택배비[삼구이칠농자자재,-13,-13,2025-12-20,100,개
3M 장갑 컴포트그립 AIR @ L,-13,-13,2025-12-20,100,개
키레스드릴척 MKK @ DKC-10,-13,-13,2025-12-20,100,개
택배비[성진전기철물,-14,-14,2025-12-20,100,개
3M테이프 양면 #4421 @ 1200MM*50MM,-14,-14,2025-12-20,100,개
3M 장갑 수퍼그립200-WT @ L,-14,-14,2025-12-20,100,개
택배비[부원건철종합,-15,-15,2025-12-20,100,개
"3M DISC 베벨 BL #120 @ 4""",-15,-15,2025-12-20,100,개
택배비[남원주조경조재농약마트,-16,-16,2025-12-20,100,개
택배비[도개건재,-17,-17,2025-12-20,100,개
택배비[예림,-18,-18,2025-12-20,100,개
택배비[신우종합건재상사,-18,-18,2025-12-20,100,개
3M 장갑 컴포트-WT 혹한기4 @ L,-20,-20,2025-12-20,100,개
"이화 타일 컷팅날(TB6W) @ 4""",-20,-20,2025-12-20,100,개
스틸포스 금속용톱날 @ 14 (TH-SC355SB),-20,-20,2025-12-20,100,개
노튼 블루파이어 플랩디스크 @ #80,-20,-20,2025-12-20,100,개
DAIWA 손타카 DT-3(H13 13mm),-20,-20,2025-12-20,100,개
"3M 황금돌 #36 @ 4""*3T",-20,-20,2025-12-20,100,개
"TU 플랩 DISC #80 @ 4""*16MM",-20,-20,2025-12-20,100,개
보호면 오토스 투명 @ S,-20,-20,2025-12-20,100,개
3M 정화통 6002K,-20,-20,2025-12-20,100,개
스포르팅 절단석 @ 4인치 * 16MM,-20,-20,2025-12-20,100,개
3M 보안경 버추아(78283) @ CLEAR,-20,-20,2025-12-20,100,개
TU 세라믹디스크,-20,-20,2025-12-20,100,개
유한 크린가드 43402/A40/노랑 @ 특대,-24,-24,2025-12-20,100,개
3M테이프 양면 #5068 @ 48MM*1.4M,-24,-24,2025-12-20,100,개
"클링스포 절단석 @ 5""",-25,-25,2025-12-20,100,개
"3M 절단석 보급형 @ 14""",-25,-25,2025-12-20,100,개
3M 장갑 수퍼그립200 @ M,-30,-30,2025-12-20,100,개
노튼 익스퍼트 플랩디스크 @ #40,-30,-30,2025-12-20,100,개
스틸포스 4인치 속도조절 그라인더TH-100G,-34,-34,2025-12-20,100,개
3M 방독면 6800,-35,-35,2025-12-20,100,개
제일연마 컵돌연마석 @ 3인치,-35,-35,2025-12-20,100,개
용접봉 골든브릿지 솔리드 @ 1.2mm,-40,-40,2025-12-20,100,개
노튼 익스퍼트 플랩디스크 @ #120,-40,-40,2025-12-20,100,개
용접봉 골든브릿지 솔리드 @ 1.4mm,-40,-40,2025-12-20,100,개
"TU 세라믹화이버디스크 @ 4""",-43,-43,2025-12-20,100,개
"TU 연마석 @ 7""",-45,-45,2025-12-20,100,개
"TU 연마석 @ 4""*6T",-50,-50,2025-12-20,100,개
3M양면#4421(M)@1200MM*10M*48,-50,-50,2025-12-20,100,개
"3M 옵셋 #24(리지드 A-100) @ 4""",-50,-50,2025-12-20,100,개
TU,-50,-50,2025-12-20,100,개
악티록스 만조,-52,-52,2025-12-20,100,개
"제일 연마석 WA O/S @ 7""*8T",-60,-60,2025-12-20,100,개
3M테이프 양면 #4421 @ 1200MM*24MM,-64,-64,2025-12-20,100,개
"티롤릿 절단석 블루 @ 4""",-75,-75,2025-12-20,100,개
3M 장갑 수퍼그립 핫 @ M,-91,-91,2025-12-20,100,개
3M 장갑 컴포트그립(GREEN) @ M,-100,-100,2025-12-20,100,개
3M양면#4421(M)@1200MM*10M*24,-100,-100,2025-12-20,100,개
"3M절단석 72653 @ 4""",-100,-100,2025-12-20,100,개
"3M 옵셋 #30(보급형 6T) @ 4""",-100,-100,2025-12-20,100,개
3M 장갑 컴포트그립 @ M,-100,-100,2025-12-20,100,개
"3M 리지드 그라인딩디스크@ 7""*8T",-100,-100,2025-12-20,100,개
트러스트 스피드 디스크컷 @ #80,-100,-100,2025-12-20,100,개
3M 장갑 컴포트그립(GREEN) @ L,-100,-100,2025-12-20,100,개
3M 에어 롤록페이퍼 #36 3M 984F,-100,-100,2025-12-20,100,개
3M테이프 양면 #4421 @ 1200MM*12MM,-113,-113,2025-12-20,100,개
"제네시스 절단석 @ 14""",-125,-125,2025-12-20,100,개
3M 장갑 수퍼그립200-WT @ M,-130,-130,2025-12-20,100,개
GMG 장갑 타격방지 TX5000 @ M,-148,-148,2025-12-20,100,개
"제일 절단석 PS-GOLD @ 14""",-148,-148,2025-12-20,100,개
"3M 절단석 53070(실버) @ 4""",-150,-150,2025-12-20,100,개
3M 마스크 방진1급(접이식) @ 8955K,-152,-152,2025-12-20,100,개
GMG 장갑 타격방지 TX5000 @ L,-154,-154,2025-12-20,100,개
용접봉 골든브릿지 @ 2.5∮,-160,-160,2025-12-20,100,개
"3D골드 절단석 @ 4""*16MM",-180,-180,2025-12-20,100,개
택배비,-199,-199,2025-12-20,100,개
EMK 절단석 @ 7인치,-200,-200,2025-12-20,100,개
"그라인더 원터치 마술만조 MA-KB @ 4""",-202,-202,2025-12-20,100,개
"TU-PLUS 101404 @ 4""*16MM",-318,-318,2025-12-20,100,개
GMG 장갑 컷팅세이프티 T2000 @ L,-330,-330,2025-12-20,100,개
GMG 장갑 컷팅세이프티 T2000 @ M,-330,-330,2025-12-20,100,개
애니가드 마스크(1급)*VC102V 밸브유,-370,-370,2025-12-20,100,개
"레즈본 연마석 #60 @ 4""*3T",-375,-375,2025-12-20,100,개
케이케어 KF94 마스크,-400,-400,2025-12-20,100,개
"그라인더 원터치 마술만조  @ 4""",-400,-400,2025-12-20,100,개
"페어드절단석(SG-PLUS)@ 4"" *0.8T",-400,-400,2025-12-20,100,개
마스크,-400,-400,2025-12-20,100,개
"TU 절단석 S 105502 @ 5""*16MM",-448,-448,2025-12-20,100,개
퓨어라이프 KF94 새부리형,-500,-500,2025-12-20,100,개
조선선재 용접봉 @ 3.2∮,-500,-500,2025-12-20,100,개
"이엑스파워 절단석 @ 4""",-600,-600,2025-12-20,100,개
"3D프리미엄 @4""",-600,-600,2025-12-20,100,개
"벨로체절단석 리오시범판매용 @ 5""",-600,-600,2025-12-20,100,개
용접봉 골든브릿지 @ 3.2∮,-795,-795,2025-12-20,100,개
장갑 맨손 혹한기 @ L,-1000,-1000,2025-12-20,100,개
장갑 맨손 혹한기 @ M,-1000,-1000,2025-12-20,100,개
해맑은 일회용 마스크,-1400,-1400,2025-12-20,100,개
와이엠 KF94 마스크,-1500,-1500,2025-12-20,100,개
"3M 절단석 큐비트론 @ 4""*16MM",-1600,-1600,2025-12-20,100,개
JM 안티코비 덴탈마스크,-2000,-2000,2025-12-20,100,개
안티코비쿨 덴탈마스크,-2000,-2000,2025-12-20,100,개
솔+ 일회용마스크(덴탈 흰색),-2800,-2800,2025-12-20,100,개
"악티록스 디스크 AF799 #36 4""*16MM",-3914,-3914,2025-12-20,100,개
"3M 절단석 65139(큐비트론) @ 5""",-5300,-5300,2025-12-20,100,개